<?xml version="1.0" encoding="UTF-8"?>
<!DOCTYPE hibernate-configuration SYSTEM "http://www.hibernate.org/dtd/hibernate-configuration-3.0.dtd">
<hibernate-configuration>
	<session-factory>
		<!-- Database connection settings -->
		<property name="connection.driver_class">org.postgresql.Driver</property>
		<property name="connection.url">jdbc:postgresql://localhost:5432/trabalho6</property>
		<property name="connection.username">postgres</property>
		<property name="connection.password">123456</property>
		<!-- JDBC connection pool (use the built-in) -->
		<!-- <property name="connection.pool_size">1</property> -->
		<!-- SQL dialect -->
		<property name="hibernate.dialect">org.hibernate.dialect.PostgreSQLDialect</property>
		<!-- Enable Hibernate's automatic session context management -->
		<!-- <property name="current_session_context_class">thread</property> -->
		<!-- Disable the second-level cache -->
		<!-- <property name="cache.provider_class">org.hibernate.cache.internal.NoCacheProvider</property> -->
		<!-- Echo all executed SQL to stdout -->
		<property name="show_sql">true</property>
		<!-- Drop and re-create the database schema on startup -->
		<!-- <property name="hbm2ddl.auto">create</property> -->
		<mapping class="br.com.prog3.trabalho6.model.Aluno" />
	</session-factory>
</hibernate-configuration>